Stitch Reference Number,Stitch Name,Stitch Steps,Link 4 stitch image,Link  4 stitch steps drawn,Link 4 stitch steps photo,Link 4 stitch video,Short Description,Tags,Difficulty,Notes,Alternative Names

1007,Gut Raincoat,Begin with two rows of alternating running stitches.  Bring the needle to the front  of the fabric just outside first stitch in the shorter row.,,,,,Alternating short and long running stitches that create a jagged or whimsical pattern.,"running, offset, decorative, quirky",Beginner,"Ideal for playful, random-effect fill stitches.",Laced Stepped Running Stitch
,,Tuck the needle 1st stitch short row and 1st stitch long row.,,,,,,,,,
,,Tuck the needle under the 2nd stitch long row and 1st stitch short row,,,,,,,,,
,,Tuck the needle under the 2nd stitch in the short row and 2nd stitch in the long row,,,,,,,,,
,,Tuck the needle under the 3rd stitch in the long row and 2nd stitch in the short row,,,,,,,,,
,,Tuck the needle under the 3rd stitch in the short row and the 3rd stitch in the long row,,,,,,,,,
,,Continue with this pattern.,,,,,,,,,
1008,Clown Collar,Begin with two rows of alternating running stitches.  Bring the needle to the front  of the fabric just outside first stitch in the longer row.,,,,,,,,,
,,Tuck the needle under the first stitch in the longer row and the first stitch in the shorter row. ,,,,,,,,,
,,"Tuck the needle under the ""bridge"" thread you just created between the rows and under the 2nd stitch in the longer row.",,,,,,,,,
,,"Tuck the needle under the ""bridge"" thread you just created between the rows and under the 2nd stitch in the shorter row.",,,,,,,,,
,,Continue with this pattern.,,,,,,,,,
1009,Straight Stitch,Bring the needle to the front.  ,,,,,A single straight stitch from point A to point B.,"straight, basic",Beginner,Used in groups for filling or accents.,
,,Take the needle to the back.,,,,,,,,,
1010,Algerian Eye,Bring the needle to the front in a corner of the stitch,,,,,"Radiating straight stitches from a center point, forming a starburst.","Eyelet, Straight Stitch",Intermediate,Creates texture and interest.,"Eyelet Stitch, Eyelet Stitch"
,,"Take the needle to the back in the center of the stitch and bring the needle to the front in an opposite corner of the stitch, pulling snuggly to form a hole/eyelet.",,,,,,,,,
,,Continue making stitches from the center to the corners and side centers until all 8 stitches have been made.,,,,,,,,,
1011,Diamond Eyelet,Bring the needle to the front in a corner of the stitch,,,,,Eyelet made with straight stitches forming a diamond shape.,"Eyelet, Straight Stitch",Intermediate,Often used in drawn thread work.,
,,"Take the needle to the back in the center of the stitch and bring the needle to the front in an opposite corner of the stitch, pulling snuggly to form a hole/eyelet.",,,,,,,,,
,,Continue making stitches from the center to the sides of the diamond until the space is filled as desired.,,,,,,,,,
1012,Arrowhead,Bring the needle to the front at the top left of the arrow.,,,,,Three stitches forming a V or arrow shape.,Straight Stitch,Beginner,Good for borders or motifs.,
,,Take the needle to the back at the tip of the arrow and bring it to the front at the top right of the arrow.,,,,,,,,,
,,Take the needle to the back at the tip of the arrow.,,,,,,,,,
1013,Seed Stitch,Make straight stitches scattered randomly to fill a space. Typically stitches are all different directions.,,,,,"Tiny, scattered straight stitches.",Straight Stitch,Beginner,Great for textured fills.,Rice Stitch
1014,Double Seed Stitch,Make 2 straight stitches side by side.  Pairs are scattered randomly to fill a space.  Pairs are all different directions.,,,,,,,,,
1015,Granitos,Straight stitch 3 or more stitches using the same holes to create a puffy full stitch.,,,,,Overlapping short straight stitches creating an oval or petal shape.,Straight Stitch,Intermediate,Used for leaves and petals.,"Seed Stitch (in some traditions), Seed Stitch (in some traditions)"
1016,Sheaf Stitch,Make at least 3 parallel stitches side by side.,,,,,Grouped vertical straight stitches tied in the center.,Straight Stitch,Intermediate,Adds dimension.,"Bundle Stitch, Bundle Stitch"
,,"Bring the thread to the front of the fabric behind the center of the parallel stitches, taking care not to catch the threads.  Tuck the needle under the stitches and out of the left side of the stitches.",,,,,,,,,
,,Tuck the needle under all of the stitches from the right side to the left side.  Pull snuggly.,,,,,,,,,
,,Tuck the needle under the stitches from the right side and to the back of the fabric under the knot.,,,,,,,,,
1017,Rhodes Stitch,Bring the thread to the front on one edge of the shape.  Make a straight stitch directly across the shape.,,,,,"Straight stitches radiating in a square or circle, layered tightly.",Straight Stitch,Advanced,Used for textured fill or focal point.,Rhodes Square
,,Continue in this fashion so that each stitch crosses the previous stitches in the center of the shape unitl it is filled.  Stitches can be very close togther or leave a little space.  ,,,,,,,,,
1018,Backstitch,Decide how long the stitches will be.  Bring the needle to the front of the fabric that distance from the start of the stitching line.,,,,,Basic outline stitch with overlapping ends.,Backstitch,Beginner,Great for lines and lettering.,Outline Stitch (in some contexts)
,,Go down at the beginning of the stitching line.,,,,,,,,,
,,Come up a stitch length from the last stitch.,,,,,,,,,
,,Go down at the end of the last stitch.  Repeat.,,,,,,,,,
1019,Woven Backstitch,Complete the Back Stitch.  Bring the needle to the front of the fabric next to the beginning of the first stitch.,,,,,Thread woven through the base backstitch line.,"woven, textured",Intermediate,Adds texture and visual interest.,
,,"Tuck the needle under the first stitch, taking care not to catch any threads on the fabric or backstitch.",,,,,,,,,
,,"Continue to weave under each stitch, always going the OPPOSITE direction.",,,,,,,,,
1020,Whipped Backstitch,Complete the Back Stitch.  Bring the needle to the front of the fabric next to the beginning of the first stitch.,,,,,Backstitch wrapped with another thread.,"Backstitch, Whipped",Beginner,Use contrasting colors for pop.,Overcast Backstitch
,,"Tuck the needle under the first stitch, taking care not to catch any threads on the fabric or backstitch.",,,,,,,,,
,,Continue to weave under each stitch always going the same direction.,,,,,,,,,
1021,Pekinese Stitch,The pekinese stitch is created on a base of backstitches. In this case we are working left to right.  Bring the needle to the front of the fabric just above one of the back stitches.,,,,,Backstitch with laced loops added.,"laced, looped",Intermediate,Good for bold outlines.,"Chinese Stitch, Chinese Stitch, Looped Backstitch"
,,"Thread the needle under the backstitch 2 to the left, from the top down.",,,,,,,,,
,,Thread the needle under the next backstitch to the right from the bottom up.,,,,,,,,,
,,Repeat from step 2 until all backstitches have been woven.,,,,,,,,,
1022,Herringbone Ladder,Begin with two rows of alternating back stitches.  Bring the needle to the front of the fabric just outside the first stitch in the longer row.,,,,,Herringbone variation with step-like pattern.,"Backstitch, Herringbone",Intermediate,"Adds open, airy texture.",Ladder Stitch (variant)
,,Tuck the needle under the first stitch in the longer row and the first stitch in the shorter row. ,,,,,,,,,
,,"Tuck the needle under the ""bridge"" thread you just created between the rows and under the 2nd stitch in the longer row.",,,,,,,,,
,,"Tuck the needle under the ""bridge"" thread you just created between the rows and under the 2nd stitch in the shorter row.",,,,,,,,,
,,Continue with this pattern.,,,,,,,,,
1023,Split Back Stitch,Decide how long the stitches will be.  Bring the needle to the front of the fabric that distance from the start of the stitching line.,,,,,,,,,
,,Go down at the beginning of the stitching line.,,,,,,,,,
,,Come up a stitch length from the last stitch.,,,,,,,,,
,,Go down into the end of the at the last stitch slightly overlapping.  Repeat.,,,,,,,,,
1024,Long & Short Stitch,Optional:  Split back stitch around the shape to be filled.,,,,,,,,,
,,"If this stitch is being used for shading, divide the shape into as many pieces as you have colors.  The long/short stitches will overlap these section lines and determine the length of the long/short stitches.",,,,,,,,,
,,"Bring the needle to the front a ""long"" stitch length from the edge, inside of the shape.",,,,,,,,,
,,Take the needle to the back just beyond the edge of the shape.,,,,,,,,,
,,"Next to the previous stitch, bring the needle to the front a ""short"" stitch length from the edge, inside of the shape.",,,,,,,,,
,,Take the needle to the back just beyond the edge of the shape.,,,,,,,,,
,,Alternate between short and long stitches until the desired space is filled with that color.,,,,,,,,,
,,"For the second color, create a new row of alternating long and short stitches, splitting the original stitches (slightly overlaping)",,,,,,,,,
,,Continue until all colors have been used to fill the space.,,,,,,,,,
1025,Stem Stitch,Bring the needle from the back of the fabric at the start of the sitching line.,,,,,A slanted stitch good for curves and outlines.,Stem Stitch,Beginner,Great for vines and lines.,Crewel Stitch
,,Go down a stitch length away and come back up nearly back to the beginning of the stitching line.  Keeping the loose thread toward you pull the thread through.,,,,,,,,,
,,Go down a stitch length away and come back up at the end of the previous stitch.,,,,,,,,,
,,Keeping the loose thread toward you pull the thread through.  Repeat.,,,,,,,,,
1026,Whipped Stem Stitch,Complete the Stem Stitch.  Come up from the back of the fabric next to the beginning of the first stitch.,,,,,Stem stitch wrapped with another thread.,"whipped, decorative",Intermediate,Adds texture.,
,,"Tuck the needle under the first stitch, taking care not to catch any threads on the fabric or backstitch.",,,,,,,,,
,,Continue to weave under each stitch always going the same direction.,,,,,,,,,
1027,Outline Stitch,Bring the needle from the back of the fabric at the start of the sitching line.,,,,,Similar to stem stitch but thread passes underneath.,outline,Beginner,Good alternative to stem stitch.,
,,Go down a stitch length away and come back up nearly back to the beginning of the stitching line Keeping the loose thread away from you pull the thread through.,,,,,,,,,
,,"Go down a stitch length away and come back up at the end of the previous stitch, keeping the loose thread away from you pull the thread through.",,,,,,,,,
,,  Repeat.,,,,,,,,,
1028,Cable Stitch,This stitch alternates between the stem stitch and outline stitch.,,,,,Twisting stitch used for lines or borders.,"braided, decorative",Advanced,Requires practice for even tension.,
,,Bring the needle from the back of the fabric at the start of the sitching line.,,,,,,,,,
,,Go down a stitch length away and come back up nearly back to the beginning of the stitching line.  Keeping the loose thread toward you pull the thread through.,,,,,,,,,
,,Go down a stitch length away and come back up at the end of the previous stitch.  Keeping the loose thread away from you pull the thread through.,,,,,,,,,
,,Repeat from Step 3.,,,,,,,,,
1029,Lock Stitch,Begin with a series of parallel straight stitches as a foundation.  Bring the thread to the front just outside of the first foundation stitch.,,,,,A short vertical anchor over a thread line.,"anchor, couching",Beginner,Used to secure threads.,
,,"Take the needle under the first foundation stitch from future foundation stitches back toward the beginning, keeping the thread above the stitch.",,,,,,,,,
,,"Take the needle under the second foundation stitch from future foundation stitches back toward the beginning, keeping the thread below the stitch.",,,,,,,,,
,,"Repeat for all foundation stitches, taking the needle to the back near the final foundation stitch.",,,,,,,,,
,,"For row 2, begin with keeping the thread below and alternate for each wrap.  For future rows, alternate below/above to be the opposite of the previous row.",,,,,,,,,
1030,Portuguese Knotted Stem,Bring the needle from the back of the fabric at the start of the sitching line.,,,,,Twisted knots along a base line.,"knot, line",Intermediate,Creates textured outlines.,
,,Go down a stitch length away and come back up nearly back to the beginning of the stitching line.  Keeping the loose thread toward you pull the thread through.,,,,,,,,,
,,Take the needle under the newly formed stitch from toward you to away from you.  This makes a loop around the stitch.,,,,,,,,,
,,Make another loop around the stitch to the LEFT of the first loop.,,,,,,,,,
,,Make the next stem stitch,,,,,,,,,
,,Take the needle under the newly formed stitch & the first stitch from toward you to away from you.  This makes a loop around the stitch.,,,,,,,,,
,,Make another loop around the stitch to the LEFT of the first loop.,,,,,,,,,
,,Continue from step 5.,,,,,,,,,
1031,Thorn Stitch,Bring the to be couched thread to the front of the fabric at the beginning of the stitching line.  Lay it in place for the first part of the line.,,,,,Diagonal stitches forming a branching line.,"couching, thorn",Beginner,Great for botanical designs.,
,,The thorn stitch is a couching stitch where the couching lines are crosses with longer arms than legs.,,,,,,,,,
,,"At about a stitch length away from the end fo the stitching line, bring the 'Coucher' thread to the front of the fabric, just a bit to one side of the stitching line. (short leg)",,,,,,,,,
,,Cross over the to be couched thread and take the needle to the back of the fabric on the other side of the to be couched thread both further along the line and further away from the to be Couched thread.  (long arm),,,,,,,,,
,,"Bring the coucher thread to the front of the fabric on the same side, but back even with the first part of the stitch (short leg)",,,,,,,,,
,,Cross over the to be couched thread and take the needle to the back of the fabric on the other side of the to be couched thread even with the far end of the last stitch and further away from the to be couched thread. (long arm),,,,,,,,,
,,"Repeat for the length of the stitching line, securing the to be couched thread in place. ",,,,,,,,,
,,"At the end of the stitching line, take the to be couched thread to the back of the fabric and secure.",,,,,,,,,
1032,Trellis Stitch,Stitch long straight stitches to create a diamond grid to fill the space.,,,,,Grid pattern of couched threads.,"filling, couching",Intermediate,Use for background fills.,
,,Stitch small straight stitches to tack down the grid at each crossing.,,,,,,,,,
,,Note:  It is helpful to mark your fabric at least where the crossings should be so the lines will all be straight and even.,,,,,,,,,
1033,Burden Stitch,Stitch vertical parallel lines a stitch width apart to fill the space.,,,,,Rows of horizontal stitches couched down.,"filling, couching",Intermediate,Good for large areas.,
,,Row 1: Bring the thread to the front of the fabric just to the left at the top of the first vertical line.,,,,,,,,,
,,"Tuck the needle underneath the next vertical line, piercing the fabric and leaving a small gap before and after the vertical line.",,,,,,,,,
,,Skip a vertical line (thread goes on top) and repeat Step 3.,,,,,,,,,
,,Repeat Steps 3 & 4 until the right end of the parallel lines.,,,,,,,,,
,,"Row 2:  Bring the thread to the front of the fabric just to the right of the first vertical line, below Row 1.",,,,,,,,,
,,Skip a vertical line.  (Thread goes on top),,,,,,,,,
,,"Tuck the needle underneath the next vertical line, piercing the fabric and leaving a small gap before and after the vertical line.",,,,,,,,,
,,Repeat Steps 7 & 8 until the right end of the parallel lines.,,,,,,,,,
,,Repeat Rows 1 & 2 until the bottom of the parallel lines.,,,,,,,,,
1034,Plaid Filling,"Begin with a grid of long straight stitches, being sure that the horizontal rows are woven over and under the vertical rows.",,,,,Colored threads couched to create plaid look.,"Couching, Filling",Advanced,Requires planning.,
,,Make 2 straight stitches to couch down the first two vertical stitches. ,,,,,,,,,
,,"Skip 2 vertical stitches and couch down the next 2, repeating to the end of the vertical stitches",,,,,,,,,
,,"For the next row, couch down the first stitch with 2 stitches, then skip 2, then couch 2 so that the couching alternates with the first row.",,,,,,,,,
,,Repeat from step 2 until all horizontal couching is completed.,,,,,,,,,
,,"Work horizonally in the same fashion so that alternating squares of the original grid are filled and ""empty"".",,,,,,,,,
1035,Chain Stitch,Bring the needle to the front of the fabric at the start of the sitching line.,,,,,Linked looped stitches forming a chain.,Chain Stitch,Beginner,Versatile and foundational.,Tambour Stitch
,,"Take the needle to the back of the fabric very near where it came out, and come up a stitch length away along the stitching line.",,,,,,,,,
,,"Place the working thread behind the needle, then pull through.",,,,,,,,,
,,Repeat.,,,,,,,,,
1036,Whipped Chain Stitch,Complete the Chain Stitch.  Come up from the back of the fabric next to the beginning of the first stitch.,,,,,Chain stitch wrapped with another thread.,"Chain Stitch, Whipped",Intermediate,Use contrasting thread for pop.,
,,"Tuck the needle under both arms of the first stitch, taking care not to catch any threads on the fabric or backstitch.",,,,,,,,,
,,Continue to weave under each stitch always going the same direction.,,,,,,,,,
1037,Double Whipped Chain,"Complete the Chain Stitch.  Come up from the back of the fabric next to the beginning of the first stitch.  Whip the chain stitch. Come up from the back of the fabric next to the beginning of the first stitch again, opposite side.",,,,,Chain stitch wrapped twice for extra texture.,"Chain Stitch, Whipped",Intermediate,Creates a bold line.,
,,"Tuck the needle under both arms of the first stitch IN THE OPPOSITE DIRECTION as the first series of whips, taking care not to catch any threads on the fabric or backstitch.",,,,,,,,,
,,Continue to weave under each stitch always going the same direction.,,,,,,,,,
1038,Partial Whipped Chain,Complete the Chain Stitch.  Come up from the back of the fabric next to the beginning of the first stitch.,,,,,Only parts of the chain are wrapped.,"Chain Stitch, Whipped",Intermediate,Good for subtle texture.,
,,"Tuck the needle under just one arm of the first stitch, taking care not to catch any threads on the fabric or backstitch.",,,,,,,,,
,,Continue to weave under each stitch always going the same direction.,,,,,,,,,
1039,Laced/Woven Chain,Complete the Chain Stitch.  Come up from the back of the fabric next to the beginning of the first stitch.,,,,,Thread woven or laced through chain loops.,"Chain Stitch, Laced, Woven",Intermediate,Adds dimension.,
,,"Tuck the needle under both arms of the first stitch, taking care not to catch any threads on the fabric or backstitch.",,,,,,,,,
,,Continue to weave under each stitch always going the OPPOSITE direction as the last stitch.,,,,,,,,,
1040,Backstitched Chain,Complete the Chain Stitch.  Bring the needle to the front of the fabric in the center of the second stitch.,,,,,Backstitches placed over chain base.,"Backstitch, Chain Stitch",Intermediate,Hybrid of two stitch styles.,
,,"Take the needle to the back of the fabric  in the center of the first stitch, bring the needle to the front of the fabric in the center of the 3rd stitch.",,,,,,,,,
,,Repeat this backstitch down the center of the chain stitch.,,,,,,,,,
1041,Twisted Chain,Bring the needle from the back of the fabric at the start of the sitching line.,,,,,Chain stitch with a twist for extra texture.,"Chain Stitch, Twisted",Intermediate,Creates rope-like effect.,Rope Chain
,,"Take the needle to the back of the fabric to the left of where it came out, and come up a stitch length away along the stitching line.",,,,,,,,,
,,"Place the working thread across the front of the needle and then behind the needle, then pull through.",,,,,,,,,
,,Repeat.,,,,,,,,,
1042,Alternating Twisted Chain,Bring the needle from the back of the fabric at the start of the sitching line.,,,,,Twist direction alternates with each stitch.,"Chain Stitch, Twisted",Advanced,Requires attention to direction.,
,,"Take the needle to the back of the fabric to the left of where it came out, and come up a stitch length away along the stitching line.",,,,,,,,,
,,"Place the working thread across the front of the needle and then behind the needle, then pull through.",,,,,,,,,
,,"Take the needle to the back of the fabric to the right of where it came out, and come up a stitch length away along the stitching line.",,,,,,,,,
,,"Place the working thread across the front of the needle and then behind the needle, then pull through.",,,,,,,,,
,,Repeat left then right until completion.,,,,,Dual color chain formed in one pass.,Chain Stitch,Advanced,Striking and efficient.,Double Chain
1043,Magic Chain,Thread the needle with 2 threads.,,,,,Overlapping loops in a slanted pattern.,Chain Stitch,Intermediate,Use for bold borders.,
,,Bring the needle from the back of the fabric at the start of the sitching line.,,,,,,,,,
,,"Take the needle to the back of the fabric very near where it came out, and come up a stitch length away along the stitching line.",,,,,,,,,
,,"Place ONE of the working threads behind the needle, then pull through, making sure to pull each thread snugly.  Only that color will show up.",,,,,,,,,
,,"Take the needle to the back of the fabric very near where it came out, and come up a stitch length away along the stitching line.",,,,,,,,,
,,"Place THE OTHER working thread behind the needle, then pull through, making sure to pull each thread snugly.  Only that color will show up.",,,,,,,,,
,,Repeat.  Try other patterns or more colors.,,,,,,,,,
1044,Hungarian Chain,Begin by making a short straight stitch at the beginning of the stitch line.,,,,,Stacked and raised chain stitches.,"Chain Stitch, Raised",Advanced,Ideal for dimensional work.,
,,"Bring the needle to the front of the fabric a stitch length away, thread it through the short straight stitch and take the needle to the back of the fabric very near where it came out.  This forms the first chain.",,,,,,,,,
,,"Bring the needle to the front of the fabric a stitch length away, thread it through the short straight stitch and take the needle to the back of the fabric very near where it came out.  This forms the second chain.",,,,,,,,,
,,"Bring the needle to the front of the fabric a stitch length away, thread it under both sides of the first chain.",,,,,,,,,
,,"Continue making chains, always weaving under both sides of the chain 2 previous.",,,,,,,,,
1045,Raised Chain Band,Begin with a foundation of short parallel straight stitches along the stitch line.,,,,,Detached chain used for petals.,"Chain Stitch, Detached",Beginner,Great for flowers.,"Detached Chain Stitch, Detached Chain Stitch"
,,Bring the needle to the front of the fabric next to the first foundation stitch.,,,,,,,,,
,,"Tuck the needle under the first foundation sittch (from future foundation stitches back towards the beginning) below where the thread is coming out. Keeping the thread away from you as you pull through.  This leaves a little ""wrap"" around the first foundation stitch.",,,,,,,,,
,,"Tuck the needle under the first foundation stitch in the opposite direction above the first wrap, do not pull through.",,,,,,,,,
,,"Take the working thread behind the needle going away from you, then pull the needle through.",,,,,,,,,
,,Repeat for each foundation stitch.,,,,,,,,,
1046,Russian Chain,Begin by making 1 chain on the stitching line.,,,,,,,,,
,,Make one chain that leans to the left.,,,,,,,,,
,,Make another chain in the first chain that leans to the right.,,,,,,,,,
,,Skip a bit and repeat from step 1.,,,,,,,,,
1047,Lazy Daisy,Bring the needle from the back of the fabric at the start of the sitching line.,,,,,Daisy with extended anchor stitch.,"floral, variation",Beginner,Adds movement.,Detached Chain Stitch
,,"Take the needle to the back of the fabric very near where it came out, and come up a stitch length away along the stitching line.",,,,,,,,,
,,"Place the working thread behind the needle, then pull through.",,,,,,,,,
,,"Take the needle to the back of the fabric a distance from where it came out on the other side of the loop, tacking it in place.",,,,,,,,,
1048,Long-Tailed Lazy Daisy,Bring the needle from the back of the fabric at the start of the sitching line.,,,,,Circular arrangement of chain stitches.,"Chain Stitch, Rosette",Intermediate,Used for roses and medallions.,Long Tailed Detached Chain Stitch
,,"Take the needle to the back of the fabric very near where it came out, and come up a stitch length away along the stitching line.",,,,,,,,,
,,"Place the working thread behind the needle, then pull through.",,,,,,,,,
,,"Take the needle to the back of the fabric very near where it came out, but on the other side of the loop, tacking it in place.",,,,,,,,,
1049,Rosette Chain,Bring the needle from the back of the fabric at the start of the sitching line.,,,,,Closed loop chain with woven base.,"basque, textured",Intermediate,Nice for borders.,"Twisted Chain Stitch, Twisted Chain Stitch"
,,"Take the needle to the back of the fabric a stitch width to the right of where it came out, and come up a stitch length away along the stitching line.",,,,,,,,,
,,"Wrap the working thread across in front of the needle, then behind the needle, then pull through.",,,,,,,,,
,,"Tuck the needle under the thread very near where it first came out at the beginning of the stitch, taking care not to pull too tightly.",,,,,,,,,
,,Repeat from Step 2.,,,,,,,,,
1050,Basque Stitch,This stitch is worked right to left.  Bring the needle from the back of the fabric at the right end of the sitching line.,,,,,Chain with extended feather-like ends.,"Chain Stitch, Feather",Advanced,Beautiful for framing.,Feather Chain
,,"Take the needle to the back of the fabric a stitch width to the left of where it came out, and come up a stitch length away along the stitching line.",,,,,,,,,
,,"Place the working thread behind the eye end of the needle, cross the needle in front and then behind the tip of the needle",,,,,,,,,
,,"Take the needle to the back of the fabric to tack the loop in place, coming out just to the right of the loop on the stitching line.",,,,,,,,,
,,Repeat from step 2.,,,,,,,,,
1051,Feathered Chain,"This variation uses long tailed chain stitches where the tails form a zigzag shape.  It is helpful to mark where the zig zag stitches will go.  Bring the needle to the front of the fabric a stitch length beyond the tip of the end of the zigzags, in line with that last section.  ",,,,,Overlapping looped chains for texture.,Chain Stitch,Intermediate,Adds weight.,Heavy Chain Stitch
,,"Make a detached chain stitch, but for the 'tacking' stitch, stitch the whole length of that zig, taking the thread to the back of the fabric at the end of the 'zig.'",,,,,,,,,
,,Bring the needle to the front of the fabric a stech length beyond the tip of the next 'zig'.,,,,,,,,,
,,Repeat from step 2 until all of the zig zags are full.,,,,,,,,,
1052,Cable Chain,This stitch is worked right to left.  Bring the needle from the back of the fabric at the right end of the sitching line.,,,,,"Looped stitches with tails, resembling wheat.","wheat, chain",Intermediate,Great for botanical use.,
,,"Holding the needle with your right hand alongside the stitch line, holding the working thread with your left hand pulling it down and to the left, wrap the needle going over top and down behind, again pulling it down and to the left.",,,,,,,,,
,,"Use your right fingertip to hold the wrap on the needle.  Take the needle to the back of the fabric a short distance from where it came out, and bring it back to the front of the fabric a stitch width away along the stitching line, DO NOT PULL THROUGH.",,,,,,,,,
,,"Place the working thread behind the needle, then pull through.",,,,,,,,,
,,Repeat from step 2.,,,,,,,,,
1053,Wheatear Stitch,Bring the needle from the back of the fabric to the left of the start of the sitching line.,,,,,Looped stitch forming a round berry.,"floral, chain",Intermediate,Perfect for accents.,Berry Knot
,,Take the needle down on the stitching line a stitch length from the start of the stitching line and come up to the right of the stitching line matching the initial stitch.,,,,,,,,,
,,"Take the needle down on the stitching line at the same place as the last stitch, forming a V.   Come out a stitch length down the stitching line.  ",,,,,,,,,
,,Weave the needle under both arms of the v and take it down near where it came out.,,,,,,,,,
,,Repeat.,,,,,,,,,
1054,Berry Stitch,Create a small detached chain stitch,,,,,Petal-shaped chain stitch.,"floral, petal",Intermediate,Used for flower shapes.,Tulip Chain
,,Create a slight larger detached chain stitch around the first one.,,,,,,,,,
,,Create a 3rd slightly larger detached chain stitch around the first 2.,,,,,,,,,
1055,Tulip Stitch,Create a detached chain stitch.,,,,,Triangular shape resembling a bullâ€™s head.,"decorative, head",Intermediate,Fun for motifs.,
,,Bring the needle to the front of the fabric to the left of the chain stitch.,,,,,,,,,
,,Tuck the needle through the tacking stitch of the chain stitch,,,,,,,,,
,,Take the needle to the back of the fabric to the right of the chain stitch.,,,,,,,,,
1056,Bull's Head Stitch,Bring the needle to the front at the top left of the arrow. (horns),,,,,Split and angled chain variation.,"Chain Stitch, Detached",Intermediate,Unique filler or accent.,
,,Take the needle to the back at the tip of the arrow and bring it to the front at the top right of the arrow.,,,,,,,,,
,,Take the needle to the back at the tip of the arrow and bring it to the front a stitch length below.,,,,,,,,,
,,Weave the needle under both arms of the v and take it down near where it came out.,,,,,,,,,
1057,Oyster Stitch,Bring the needle from the back of the fabric at the start of the sitching line.,,,,,Twisted looped stitch resembling a shell.,"shell, textured",Intermediate,Good for sea-themed designs.,Knotted Chain Stitch
,,"Take the needle to the back of the fabric a stitch width to the right of where it came out, and come up a stitch length away along the stitching line.",,,,,,,,,
,,"Wrap the working thread across in front of the needle, then behind the needle, then pull through.",,,,,,,,,
,,"Tuck the needle under the thread very near where it first came out at the beginning of the stitch, taking care not to pull too tightly.",,,,,,,,,
,,Take the needle to the back of the fabric at the center base of the stitch and come up at the top of the stitch.,,,,,,,,,
,,"Place the working thread behind the needle, then pull through.",,,,,,,,,
,,Take the needle to the back of the fabric to tack the loop in place.,,,,,,,,,
1058,Crested Chain,Begin by making a small chain stitch along the main stitch line. Do not tack the loop down.,,,,,Looped chain with a crest on top.,Chain Stitch,Advanced,Good for ornate edging.,Crest Chain
,,"Take a small bite of fabric with the needle a stitch length away from the main stitch line, parallel to the stitch line, do not pull through.",,,,,,,,,
,,"Wrap the working thread around the needle, crossing in front and then around behind the needle and pull through.",,,,,,,,,
,,Weave the needle under the 'bridge' created by the last step going toward future stitches.,,,,,,,,,
,,"Go down near the 'tacking' thread of the first chain, and take a bite to form the next chain.",,,,,,,,,
,,Thread behind the needle and pull through.,,,,,,,,,
,,Repeat from step 2.,,,,,,,,,
1059,Spanish Knotted Feather,This stitch is built on a framework of 3 parallel stitching lines.  Bring the needle to the front of the fabric a stitch length in from beginning of the bottom stitch line.,,,,,Knotted loops branching off a stem.,"Feather Stitch, Knotted",Advanced,Requires practice.,Spanish Feather Stitch
,,"Take the needle to the back of the fabric at the beginning of the bottom stitch line, bringing it to the front two stitch lengths along the top stitch line.  Wrap the thread behind the needle and pull through.  This forms the first twisted chain stitch. ",,,,,,,,,
,,"To form the second and future twisted chain stitches,take the needle to the back of the fabric between the legs of the previous twisted chain stitch on the center line.  Bring the needle to the front a stitch length away on either the top stitching line or the bottom stitching line (alternate).  Wrap the working thread behind the needle and pull through",,,,,,,,,
,,Repeat Step 3,,,,,,,,,
1060,Sailor Stitch,The sailor stitch is a combination of a chain stitch and a blanket stitch.  Begin by making a blanket stitch at the beginning of the stitch line.,,,,,Twisted chain variation used in nautical embroidery.,Chain Stitch,Intermediate,Unique variation.,Sailor Chain
,,Make a chain stitch along the stitching line.,,,,,,,,,
,,Make a blanket stitch such that the stitch comes out inside of the previous chain.,,,,,,,,,
,,Repeat from Step 2.,,,,,,,,,
1061,Wave Chain,Begin by making a chain stitch on the stitch line.,,,,,Curved chain for a wave-like motion.,Chain Stitch,Intermediate,Lovely in seascapes.,Trellis Chain
,,"Instead of tacking it down, make a second chain stitch just to the right of the first, but longer.",,,,,,,,,
,,"Instead of tacking it down, make a third chain stitch just to the right of the second, but longer.  This creates a chain triplet.",,,,,,,,,
,,Make a chain stitch on the stitch line.,,,,,,,,,
,,This time make the second and 3rd chains to the LEFT of the first.,,,,,,,,,
,,Repeat from Step 1 alternating right and left with each chain triplet.,,,,,,,,,
1062,French Knot,"Use a bullion knot needle for best success, if not a millners needle.",,,,,Thread twisted and stitched to form a small knot.,Knotted Stitch,Beginner,Great for flower centers and accents.,"Knotted Stitch, Knotted Stitch"
,,"Come up where the knot should be, then sit the project down, this is a 2 handed stitch.",,,,,,,,,
,,Left hand holds the working thread taught pulled toward you.  Right hand holds the needle perpendicular to and on top of the thread.,,,,,,,,,
,,"Wrap over & around once, twice, three times.",,,,,,,,,
,,"Take the needle back down very near where it came out, but do not pull through.",,,,,,,,,
,,Pull on the working thread to snug the wraps around the needle and pull through.,,,,,,,,,
1063,Colonial Knot,"Use a bullion knot needle for best success, if not a millners needle.",,,,,Figure-eight knot more stable than French.,Knotted Stitch,Beginner,Doesn't pull through fabric easily.,Figure-Eight Knot
,,"Come up where the knot should be, then sit the project down, this is a 2 handed stitch.",,,,,,,,,
,,Left hand holds the working thread taught pulled toward you.  Right hand holds the needle parallel to the thread on the LEFT side of the thread. (arms crossed).,,,,,,,,,
,,"Tuck the tip of the needle under the thread, then twist it 90 degrees so it is perpendicular to the working thread and your hands are no longer crossed.",,,,,,,,,
,,Take the working thread and wrap it over and around the tip of the needle.,,,,,,,,,
,,"Using your right fingertip to hold the wraps on the needle, take the needle to the back of the fabric, pulling on the working thread snugly as you pull the thread through.",,,,,,,,,
1064,Chinese Knot,Come up where the knot should be.,,,,,Ornamental knot with a looped structure.,Knotted Stitch,Advanced,Intricate and decorative.,
,,"Holding the working thread near where it comes out of the fabric, twist the thread to form a small loop, with the working thread on the bottom of the loop.  Pull on the thread to adjust the size of the loop as desired.",,,,,,,,,
,,Take the needle to the back of the fabric just inside the loop tacking it in place.,,,,,,,,,
1065,Pistil Stitch,"Pistil Stitch is a french knot or Colonial knot but instead of going down near where the thread came out, you go down a distance away.  The knot will end up on the far end.",,,,,French knot with an extended tail.,"knot, floral",Beginner,Perfect for stamens.,
,,"Use a bullion knot needle for best success, if not a millners needle.",,,,,,,,,
,,"Come up where the knot should be, then sit the project down, this is a 2 handed stitch.",,,,,,,,,
,,Left hand holds the working thread taught pulled toward you.  Right hand holds the needle perpendicular to and on top of the thread.,,,,,,,,,
,,"Wrap over & around once, twice, three times.",,,,,,,,,
,,"Take the needle back down where the knot should be, but do not pull through.",,,,,,,,,
,,"Pull on the working thread to snug the wraps around the needle, and BACK TOWARDS WHERE THE THREAD CAME OUT and pull through.",,,,,,,,,
1066,Pearl Knot,Bring the needle to the front of the fabric at the beginning of the stitch line.,,,,,Twisted knot worked with a continuous thread.,"knot, linear",Intermediate,Often used in Hardanger.,
,,"At a stitch length away from the thread, take a small stitch/bite perpendicular to the stitch line and pull through.",,,,,,,,,
,,Tuck the needle from the beginning of the stitch line under the newly made stitch.  Pull the needle through to make the first knot.,,,,,,,,,
,,Repeat from step 2.,,,,,,,,,
1067,Coral Knot,Bring the needle from the back of the fabric at the start of the sitching line.,,,,,Line of twisted knots worked closely.,"knot, linear",Intermediate,Nice for outlines.,
,,"At a stitch length to the right of the thread, take a small stitch/bite perpendicular to the stitch line.  If you are stitching around an appliqued piece, catch both the background and the applique piece.  Do not pull through.",,,,,,,,,
,,"Wrap the working thread around the needle crossing in front first, then around behind, keeping it snug.",,,,,,,,,
,,Pull the needle through.,,,,,,,,,
1068,Beaded Coral Knot,Bring the needle from the back of the fabric at the start of the sitching line.,,,,,Coral knots combined with beads.,"knot, beaded",Intermediate,Adds sparkle.,
,,"Thread a bead onto the needle, leaving the bead near the eye of the needle.",,,,,,,,,
,,"At a stitch length to the right of the thread, take a small stitch/bite perpendicular to the stitch line.  If you are stitching around an appliqued piece, catch both the background and the applique piece.  Do not pull through.",,,,,,,,,
,,"Wrap the working thread around the needle crossing in front first, then around behind, keeping it snug.",,,,,,,,,
,,Pull the needle through.,,,,,,,,,
1069,Scroll Stitch,Bring the needle to the front of the fabric at the beginning of the stitch line.,,,,,Knot variation worked in a scroll pattern.,"knot, scroll",Intermediate,Creates decorative spirals.,
,,"At a stitch length away from the thread, take a small stitch/bite perpendicular to the stitch line, DO NOT pull through.",,,,,,,,,
,,Wrap the working thread under the eye end of the needle and then under the tip end of the needle forming a circle.,,,,,,,,,
,,"Pull through gently so the circle closes around the working thread, but not too tight.",,,,,,,,,
,,Repeat from step 2.,,,,,,,,,
1070,Four-Legged Knot,Bring the needle to the front of the fabric at the top of the stitch location.,,,,,Symmetrical knot with four points.,"knot, geometric",Advanced,Useful in folk embroidery.,Y-Stitch
,,Take the needle to the back of the fabric at the bottom of the stitch location and pull through.,,,,,,,,,
,,Bring the needle to the front of the fabric at the right of the stitch location.,,,,,,,,,
,,"Lay the working thread down toward the left stitch location.  Tuck the needle under the first stitch, coming from above the thread.  Wrap the working thread behind the tip of the needle and pull through.",,,,,,,,,
,,Take the needle to the back of the fabric at the left of the stitch location and pull through.,,,,,,,,,
,,,,,,,,,,,
1071,Fly Stitch,The fly stitch forms a Y shape.  ,,,,,V-shaped stitch used for borders or leaves.,"fly, open",Beginner,Simple and versatile.,
,,Bring the needle from the back of the fabric at the top left of the Y.,,,,,,,,,
,,"Take the needle down at the top right of the Y, coming out at the base of the V portion of the Y.  Do NOT pull through.",,,,,,,,,
,,Wrap the working thread behind the needle and then pull through.,,,,,,,,,
,,Take the needle down at the bottom of the Y.,,,,,,,,,
1072,Whipped Fly,Create the closed fly stitch line.,,,,,Fly stitch with an added wrap.,"fly, whipped",Intermediate,Adds texture.,
,,Bring the thread to the front of the fabric next to the tail of the first fly stitch,,,,,,,,,
,,"Tuck the needle under the first tail, taking care not to catch any threads on the fabric or tail.",,,,,,,,,
,,Continue to weave under each tail always going the same direction.,,,,,,,,,
,,,,,,,,,,,
1073,Closed Fly,The closed fly stitch is a row of fly stitches stacked on top of one another.,,,,,Fly stitch worked tightly closed.,"fly, closed",Beginner,Good for compact shapes.,
,,Bring the needle from the back of the fabric at the top left of the Y.,,,,,,,,,
,,"Take the needle down at the top right of the Y, coming out at the base of the V portion of the Y.  Do NOT pull through.",,,,,,,,,
,,Wrap the working thread behind the needle and then pull through.,,,,,,,,,
,,Take the needle down at the bottom of the Y.,,,,,,,,,
,,Repeat.,,,,,,,,,
1074,Open Fly,The open fly stitch is a row of sly stitches side by side.,,,,,Fly stitch worked loosely.,"fly, open",Beginner,Creates airy look.,
1075,Twisted Fly,Bring the needle from the back of the fabric at the top left of the Y.,,,,,Fly stitch twisted before anchoring.,"fly, twisted",Intermediate,Adds dimension.,
,,"Take the needle down at the top right of the Y, coming out at the base of the V portion of the Y.  Do NOT pull through.",,,,,,,,,
,,"Wrap the working thread over top of the needle, then behind the needle and then pull through.",,,,,,,,,
,,Take the needle down at the bottom of the Y.,,,,,,,,,
1076,Feather Stitch,The feather stitch forms a series of Vs,,,,,"Open, branched stitch.","feather, branching",Beginner,Common in crazy quilting.,
,,Bring the needle from the back of the fabric at the top left of the V.,,,,,,,,,
,,"Take the needle down at the top right of the V, coming out at the base of the V.  Do NOT pull through.",,,,,,,,,
,,Wrap the working thread behind the needle and then pull through.  The thread is now at the top of the next V.  Continue with Vs alternating left and right.,,,,,,,,,
1077,Closed Feather,"The feather stitch forms a series of Vs.  In this case, the outside of every other V forms parallel straight lines.",,,,,Feather stitch with no space between arms.,"feather, closed",Intermediate,Looks dense.,
,,Bring the needle to the front of the fabric at the top of the left stitch line.,,,,,,,,,
,,"Take the needle to the back at the top of the right stitch line, coming out a stitch length along that same line.  Do NOT pull through.",,,,,,,,,
,,Wrap the working thread behind the needle and then pull through.  The thread is now at the top of the next V.,,,,,,,,,
,,"Take the needle to the back just below the previous stitch on the left stitch line, coming out a stitch length along that same line.  Do NOT pull through.",,,,,,,,,
,,Wrap the working thread behind the needle and then pull through.  The thread is now at the top of the next V.,,,,,,,,,
,,Repeat from Step 3,,,,,,,,,
1078,Single Feather,"The feather stitch forms a series of Vs.  In this case, the right side of each V forms a straight line.",,,,,Feather stitch with only one arm.,"feather, single",Beginner,Light detail.,
,,Bring the needle to the front of the fabric at the top of the right stitch line.,,,,,,,,,
,,"Take the needle down at the top of the left stitch line, coming back to the front a stitch length below on the right stitch line.",,,,,,,,,
,,Wrap the working thread behind the needle and then pull through.  ,,,,,,,,,
,,"Take the needle down on the left stitch line even with where the thread came out, coming back to the front a stitch length below on the right stitch line.",,,,,,,,,
,,Repeat from Step 4.,,,,,,,,,
1079,Double Feather,The feather stitch forms a series of Vs,,,,,Two rows of feather stitches side by side.,"feather, double",Intermediate,Decorative borders.,
,,Bring the needle from the back of the fabric at the top left of the V.,,,,,,,,,
,,"Take the needle down at the top right of the V, coming out at the base of the V.  Do NOT pull through.",,,,,,,,,
,,Wrap the working thread behind the needle and then pull through.  The thread is now at the top of the next V.  Continue with Vs alternating 2 to the left and then 2 to the right.,,,,,,,,,
1080,Maidenhair Stitch,The feather stitch forms a series of Vs.  In this case there are 3 Vs on each side all starting at the same level.  Then alternating to the other side.  The stitch will be formed on a series of 7 parallel lines.,,,,,"Fine, delicate feather variant.","feather, fine",Intermediate,Great for fine detail.,
,,Bring the needle to the front of the fabric at the top of the center stitch line.,,,,,,,,,
,,"Take the needle to the back of the fabric on the 3rd stitch line at the same level as where the thread came out,  wrap the working thread behind the needle and then pull through.  ",,,,,,,,,
,,"Take the needle to the back of the fabric on the 2nd line at the same level as the previous stitch,  wrap the working thread behind the needle and then pull through.  ",,,,,,,,,
,,"Take the needle to the back of the fabric on the 1st line at the same level as the previous stitch,  wrap the working thread behind the needle and then pull through.  ",,,,,,,,,
,,"Take the needle to the back of the fabric on the 5th stitch line at the same level as where the thread came out,  wrap the working thread behind the needle and then pull through.  ",,,,,,,,,
,,"Take the needle to the back of the fabric on the 6th line at the same level as the previous stitch,  wrap the working thread behind the needle and then pull through.  ",,,,,,,,,
,,"Take the needle to the back of the fabric on the 7th line at the same level as the previous stitch,  wrap the working thread behind the needle and then pull through.  ",,,,,,,,,
,,Repeat from Step 3.,,,,,,,,,
1081,Straight-Sided Feather,"The feather stitch forms a series of Vs.  In this case, the outside of every other V forms parallel straight lines.  It is similar to the closed feather, but stretched out.",,,,,Stitch arms are vertical.,"feather, vertical",Intermediate,Unusual look.,
,,Bring the needle to the front of the fabric at the top of the left stitch line.,,,,,,,,,
,,"Take the needle to the back a stitch length down from the top of the right stitch line, coming out a stitch length along that same line.  Do NOT pull through.",,,,,,,,,
,,Wrap the working thread behind the needle and then pull through.  The thread is now at the top of the next V.,,,,,,,,,
,,"Take the needle to the back a stitch length below the previous stitch on the left stitch line, coming out a stitch length along that same line.  Do NOT pull through.",,,,,,,,,
,,Wrap the working thread behind the needle and then pull through.  The thread is now at the top of the next V.,,,,,,,,,
,,Repeat from Step 3,,,,,,,,,
1082,Crossed Feather,The crossed feather stitch is made from two straight sided feather stitches.  Begin by making one row of straight sided feather stitch.,,,,,Feather arms cross over.,"feather, crossed",Advanced,Creates a netted appearance.,
,,Make a second straight sided feather stitch in the gaps between the first one.,,,,,,,,,
1083,Blanket,Bring the needle from the back of the fabric at the end of the stitching line.,,,,,,,,,Buttonhole
,,"At a stitch length to the right, take a bite of the fabric beginning below the stitching line and ending on the stitching line.",,,,,,,,,
,,"Wrap the working thread behind the tip of the needle, and pull through.",,,,,,,,,
,,repeat,,,,,,,,,
1084,Whipped Buttonhole,Create the blanket stitch line.,,,,,Buttonhole stitch with whipping thread added.,"buttonhole, whipped",Intermediate,Adds texture and contrast.,Whipped blanket
,,Bring the thread to the front of the fabric next to the main line of the first blanket stitch,,,,,,,,,
,,"Tuck the needle under the first mainline stitch, taking care not to catch any threads on the fabric or stitch.",,,,,,,,,
,,Continue to weave under each mainline stitch always going the same direction.,,,,,,,,,
1085,Double Buttonhole,"Two rows of buttonhole stitches ""facing"" one another.",,,,,Two layers of buttonhole for depth.,"buttonhole, double",Intermediate,Creates a dense edging.,
1086,Closed Buttonhole,Bring the needle from the back of the fabric at the end of the stitching line.,,,,,Buttonhole with tightly packed stitches.,"buttonhole, closed",Beginner,Ideal for clean outlines.,
,,"At a half stitch length to the right, take a bite of the fabric beginning below the stitching line and ending on the stitching line a stitch length to the right.  (slanted blanket stitch)",,,,,,,,,
,,"At a stitch length to the right, take a bite of the fabric beginning below the stitching line and ending right next to the last blanket stitch.  (slanted opposite direction)",,,,,,,,,
,,"Take a bite of the fabric beginning at the same spot the last blanket stitch began, and ending on the stitching line a stitch legth to the right (slanted blanket stitch)",,,,,,,,,
,,Repeat from Step 3.,,,,,,,,,
1087,Buttonhole Wheel,"A blanket stitch around a circle, with all stitches going through the center of the circle.",,,,,Circular arrangement of buttonhole stitches.,"buttonhole, wheel",Intermediate,Used for flowers or eyes.,
,,Bring the needle from the back of the fabric at the end of the stitching line.,,,,,,,,,
,,"At a stitch length to the right, take a bite of the fabric beginning in the center of the circle and ending at the edge of the circle.",,,,,,,,,
,,"Wrap the working thread behind the tip of the needle, and pull through.",,,,,,,,,
,,repeat,,,,,,,,,
1088,Rosette of Thorns,Create a row of at least 5 bullion knot stitches such that the arms spread in the shape of a crown.,,,,,"Circular version of thorn stitch, dense in center.","buttonhole, thorn, rosette",Advanced,Great as a focal motif.,
1089,Mirrored Buttonhole,Bring the needle from the back of the fabric at the end of the stitching line.,,,,,Two rows of buttonhole facing each other.,"buttonhole, mirrored",Advanced,Symmetrical and bold.,
,,"At a stitch length to the right, take a bite of the fabric beginning below the stitching line and ending on the stitching line.",,,,,,,,,
,,"Take the needle to the back a short distance along the stitching line, bringing the need to the front of the fabric slightly to the right of the base of the first blanket stitch.",,,,,,,,,
,,Tuck the needle under the short tacking stitch (the one on the stitching line),,,,,,,,,
,,Repeat from step 2.,,,,,,,,,
1090,Up and Down Feathered Buttonhole,This stitch combines the blanket stitch and a feather stitch.  It is formed on 3 parallel lines.  Begin by bringing the needle to the front of the fabric at the top of the center stitch line.,,,,,Alternating feathered edges using buttonhole motion.,"buttonhole, feathered, up-and-down",Advanced,Highly decorative.,
,,Form a slanted blanket stitch the end of which is the right stitching line.,,,,,,,,,
,,"Take the needle to the back of the fabric just below where it came out on the center stitching line, brining it back to the front just below where it went down on the right stitching line.  DO NOT PULL THROUGH",,,,,,,,,
,,"Wrap the working thread behind the needle and pull through gently, guiding the thread towards the center stitch line.",,,,,,,,,
,,"Repeat from step 2, but on the left side.",,,,,,,,,
,,Repeat alternating between left and right sides.,,,,,,,,,
1091,Knotted Buttonhole,Bring the needle from the back of the fabric at the end of the stitching line.,,,,,Buttonhole variation with knots for texture.,"buttonhole, knotted",Advanced,Dense and secure.,
,,"Wrap the needle 3 times as if it were a french knot, then at a stitch length to the right, take a bite of the fabric beginning below the stitching line and ending on the stitching line.",,,,,,,,,
,,"Wrap the working thread behind the tip of the needle, and pull through.",,,,,,,,,
,,repeat,,,,,,,,,
1092,Blanket/Honeycomb,Begin by making 1 row of blanket stitches across the space,,,,,Blanket stitch variation creating honeycomb fill.,"blanket, honeycomb",Intermediate,Ideal for background fill.,Open Buttonhole Filling
,,"Slightly below the tips of Row 1 and halfway between the first two legs of Row 1, bring the thread to the front of the fabric.",,,,,,,,,
,,"Tuck the needle under the second leg of Row 1, then make a blanket stitch halfway between the 2nd and 3rd legs of Row 1.",,,,,,,,,
,,Continue in this fashion to the right edge.,,,,,,,,,
,,Continue making interlocking rows until the space is filled.,,,,,,,,,
1093,Detached Buttonhole Filling,"Backstitch around the shape to be filled, bringing the thread out on the left edge just below the top of the shape.",,,,,Filling stitch using free-floating buttonholes.,"buttonhole, filling, detached",Advanced,Used for raised areas.,
,,Lay the working thread towards the right.,,,,,,,,,
,,"Weave the needle down under the first backstitch and over your working thread and pull through, but not tightly.",,,,,,,,,
,,Repeat from step 2 until you are at the end of the first row.,,,,,,,,,
,,Weave the needle over the right edge backstitch.,,,,,,,,,
,,"Now work the same stitches, but this time going to the left:  Lay the working rhead towards the left.",,,,,,,,,
,,"Weave the needle down between 2 stitches in the previous row and over your working thread and pull through, but not tightly.",,,,,,,,,
,,Repeat from step 5 until you are at the end of the next row.,,,,,,,,,
,,Repeat rows until the space is filled.,,,,,,,,,
,,"On the final row, go under the gaps in the previous row AND the backstitches along the bottom edge.",,,,,,,,,
1094,Detached Buttonhole Filling with Return,"Backstitch around the shape to be filled, bringing the thread out on the right edge just below the top of the shape.  Take the thread to the back of the fabric on the left edge of the shape just below the top of the shape. This creates a ""return"".   Bring the thread to the front of the fabric very near where it went down.",,,,,Detached buttonhole with a returning thread pass.,"buttonhole, detached, return",Advanced,Denser and more secure fill.,"Brussels, Ceylon Filling Stitch"
,,Lay the working thread towards the right.,,,,,,,,,
,,"Weave the needle down under the first backstitch and the ""return"" and over your working thread and pull through, but not tightly.",,,,,,,,,
,,Repeat from step 2 until you are at the end of the first row.,,,,,,,,,
,,Weave the needle under the straight stitch on the right edge of the first row.,,,,,,,,,
,,"Weave the needle under the straight stitch on the left edge of the first row creating the ""return"".",,,,,,,,,
,,Repeat from step 2 until you have filled the shape.,,,,,,,,,
,,"On the final row, go under the gaps in the previous row AND the backstitches along the bottom edge.",,,,,,,,,
1095,Ceylon Stitch,Begin with a row of small straight stitches along the top edge of the shape.,,,,,Looped filling stitch worked in rows.,"ceylon, buttonhole, filling",Advanced,Often used in goldwork.,Chevron Border Stitch
,,"Bring the needle to the front of the fabric at the left edge of the shape, one stitch length down from the top.",,,,,,,,,
,,"Take the needle past the first straight stitch and weave under it going to the left.  Do not pull tightly, but just tight enough to make a gently loop.",,,,,,,,,
,,Repeat to the end of the shape.,,,,,,,,,
,,"Take the needle to the back of the fabric on the right edge of the shape, bringing the needle back to the front a stitch length down from the last stitch.",,,,,,,,,
,,"Take the needle past the first loop (from the right0 and weave under the base of the loop where the threads cross, going to the right.  Do not pull tightly, but just tight enough to make a gently loop.",,,,,,,,,
,,Repeat to the end of the shape.,,,,,,,,,
,,"Continue going left and right across the shape, weaving under the base of the loop each time.",,,,,,,,,
,,"If desired, the final row can be tacked down.",,,,,,,,,
1096,Chevron Stitch,This stitch is worked on 2 parallel lines.  Bring the needle to the front of the fabric at the beginning of the bottom stitch line.,,,,,Zigzag line made of slanted stitches meeting at a central spine.,"chevron, zigzag, line",Beginner,Great for decorative borders.,Isolated Chevron
,,"Take the needle to the back on the top stitch line 1 1/2 stitch widths from the end, coming back to the front 1/2 stitch width to the left.",,,,,,,,,
,,"Take the needle to the back a full stitch width to the right on the top stitch line, coming back to the front in the middle of the newly formed stitch.",,,,,,,,,
,,"Take the needle to the back on the bottom stitch line 1 1/2 stitch widths from the last stitch, coming back to the front 1/2 stitch width to the left.",,,,,,,,,
,,"Take the needle to the back a full stitch width to the right on the bottom stitch line, coming back to the front in the middle of the newly formed stitch.",,,,,,,,,
,,"Take the needle to the back on the top stitch line 1 1/2 stitch width from the last stitch, coming back to the front 1/2 stitch width to the left.",,,,,,,,,
,,Repeat from Step 3,,,,,,,,,
1097,Detached Chevron,This stitch is worked on 2 parallel lines.  Bring the needle to the front of the fabric at the beginning of the bottom stitch line.,,,,,Chevron elements spaced apart for decorative effect.,"chevron, detached",Intermediate,Ideal for embellishment.,
,,"Take the needle to the back on the top stitch line 1/2 stitch width from the end, coming back to the front 1/2 stitch width to the left (directly above where the thread came out initially)",,,,,,,,,
,,"Take the needle to the back a full stitch width to the right on the top stitch line, coming back to the front in the middle of the newly formed stitch.",,,,,,,,,
,,Take the needle to the back on the bottom stitch line a full stitch width from the last stitch.,,,,,,,,,
1098,Double Chevron,The double chevron stitch is made from two chevron stitches.  Begin by making one row of chevron stitches.,,,,,Two rows of chevron layered for a bolder line.,"chevron, double",Intermediate,Use for emphasis or filling.,Chevron Half Stitch
,,Make a second chevron stitch in the gaps between the first one.,,,,,,,,,
1099,Half Chevron,This stitch is worked on 2 parallel lines.  Bring the needle to the front of the fabric at the beginning of the bottom stitch line.,,,,,Only one slanted half of the chevron shape is stitched.,"chevron, half",Beginner,"Light, angular decoration.",Offset Chevron Stitch
,,Take the needle to the back of the fabric a stitch width along the bottom stitch line coming back to the front in the middle of the newly formed stitch.,,,,,,,,,
,,Lay the working thread to the right and away from you at an angle.,,,,,,,,,
,,"Take the needle to the back of the fabric on the top stitch line even with the end of the first baseline stitch, coming back to the front just below where it came out.  Make sure the working thread is behind the needle and pull through.",,,,,,,,,
,,"Take the needle to the back of the fabric 1/2 stitch to the right of the previous baseline stitch on the bottom stitch line, coming out right next to the first baseline stitch.",,,,,,,,,
,,Repeat from step 2.,,,,,,,,,
1100,Staggered Chevron,"This stitch is a chevron stitch, but lacking the restriction of parallel stitch lines and standardized stitch lengths.  It is recommended that you mark the intended location of the random short stitch lines before you begin.",,,,,Chevron rows offset for a woven appearance.,"chevron, staggered",Advanced,Great as a fill pattern.,
,,Stitch as you would a regular chevron stitch.,,,,,,,,,
1101,Herringbone,The herringbone stitch is worked on 2 parallel stitch lines.  Bring the needle to the front of the fabric at the beginning of the bottom stitch line.,,,,,,,,,Interlaced Herringbone
,,"Take the needle to the back of the fabric 2 stitch widths to the right on the top stitch line, bringing it back to the front 1 stitch width to the left along that top stitch line. ",,,,,,,,,
,,"Take the needle to the back of the fabric 2 stitch widths to the right on the bottom stitch line, bringing it back to the front 1 stitch width to the left along that bottom stitch line. ",,,,,,,,,
,,Repeat from step 2.,,,,,,,,,
1102,Threaded/Woven Herringbone,Begin with a row of herringbone stitch.  Bring the needle to the front of the fabric next to the beginning herringbone stitch.,,,,,Basic herringbone stitch with an extra thread woven through.,"herringbone, threaded, woven",Intermediate,Adds decorative detail.,
,,"Tuck the needle under that first diagonal stitch, coming out to the left of the next cross.  As you pull it tighter, the thread will go over the cross.",,,,,,,,,
,,"Tuck the needle under the next diagonal stitch, coming out to the left of the next cross.",,,,,,,,,
,,Repeat Step 3 to the end of the herringbone row.,,,,,,,,,
1103,Tacked Herringbone,This stitch adds a cross stitch on top of each cross in the herringbone stitch.  Begin with a row of herringbone stitch.  Bring the needle to the front of the fabric just outside the first cross.,,,,,Herringbone stitch secured with vertical tacking stitches.,"herringbone, tacked",Intermediate,Used for bold outlines.,
,,"Take the needle to the back of the fabric on the other side of the cross, bringing it back to the front just outside the next cross.",,,,,,,,,
,,Repeat step 2 until all crosses have vertical stitches.,,,,,,,,,
,,Bring the needle to the front of the fabric just to the left of the first cross.,,,,,,,,,
,,"Take the needle to the back of the fabric on the other side of the cross, bringing it back to the front just to the left of the next cross.",,,,,,,,,
,,Repeat step 5 until all the crosses have horizontal stitches.,,,,,,,,,
1104,Tied Herringbone,The tied herringbone stitch is a combination of herringone stitch and a coral knot stitch.  Begin with a row of herringbone stitch.  Bring the needle to the front of the fabric next to the beginning herringbone stitch.,,,,,Herringbone stitch with knots or ties across the arms.,"herringbone, tied",Advanced,Adds texture and hold.,Herringbone Filling Stitch
,,"Tuck the needle under the first herringbone cross, do not pull through.",,,,,,,,,
,,"Wrap the working thread around the needle crossing in front first, then around behind, keeping it snug.",,,,,,,,,
,,Pull the needle through.,,,,,,,,,
,,Repeat for all crosses.,,,,,,,,,
1105,Closed Herringbone,"This is similar to the herringbone stitch, but the stitches are closer together, leaving no gaps between.  The herringbone stitch is worked on 2 parallel stitch lines.  Bring the needle to the front of the fabric at the beginning of the bottom stitch line.",,,,,"Stitches are closer together for a dense, filled look.","herringbone, closed",Beginner,Effective as a border or filler.,Shadow Herringbone
,,"Take the needle to the back of the fabric 2 stitch widths to the right on the top stitch line, bringing it back to the front 1 stitch width to the left along that top stitch line. ",,,,,,,,,
,,"Take the needle to the back of the fabric 1 stitch widths to the right on the bottom stitch line, bringing it back to the front 1 stitch width to the left along that bottom stitch line. ",,,,,,,,,
,,"Take the needle to the back of the fabric 1 stitch width to the right on the top stitch line, bringing it back to the front 1 stitch width to the left along that top stitch line. ",,,,,,,,,
,,Repeat from Step 3.,,,,,,,,,
1106,Double Herringbone,The double herringbone stitch is made from two herringbone stitches.  Begin by making one row of herringbone stitches.,,,,,"Two rows of herringbone, overlapping or mirrored.","herringbone, double",Intermediate,Useful in borders and layering.,
,,Make a second herringbone stitch in the gaps between the first one.,,,,,,,,,
1107,Woven Circle/Oval,Make a short straight stitch at the top & bottom of where the  circle or oval will be.   Optional:  add small straight stitches to the sides of where the circle/oval will be.,,,,,,,,,
,,"Bring the needle to the front of the fabric next to one of the tacking stitches.  Weave through each tacking stitch, taking care not to catch any threads until the circle or oval is filled as desired.",,,,,,,,,
1108,Woven Wheel,"This stitch begins with an odd number of spokes -- all the same length radiating from a central point (forming a circle) typically 5 spokes, but sometimes 3 or 7.  Bring the needle to the front of the fabric very near the center between any 2 spokes.",,,,,Circular or oval shape filled with woven thread over spokes.,"woven, circle, oval",Intermediate,Used for flower centers or textured spots.,Spider Web Wheel
,,"Going either clockwise or counterclockwise for the entire wheel, lay the thread lay on top of the next spoke, then tuck the needle under the following spoke and pull through.",,,,,Circular stitch woven over spokes radiating from the center.,"woven, wheel",Beginner,Often used in floral motifs.,Whipped Spider Wheel
,,Repeat step 2 going round and round until the wheel is so full it hides the ends of each spoke.  Then take the needle to the back of the fabric near a spoke.,,,,,,,,,
1109,Whipped Woven Wheel,This stitch begins with an even or odd number of spokes -- all the same length radiating from a central point (forming a circle.) Bring the needle to the front of the fabric very near the center between any 2 spokes.,,,,,,,,,
,,"Going either clockwise or counterclockwise for the entire wheel, tuck the needle under the next two spokes and pull through.",,,,,Circular stitch woven over spokes radiating from the center.,"woven, wheel",Beginner,Often used in floral motifs.,Whipped Spider Wheel
,,"Back up one spoke and tuck the needle under the next 2 spokes and pull through.  As you circle around, be careful that the ""wraps"" lay neatly in a row.",,,,,,,,,
,,Repeat step 3 until the circle is full.,,,,,,,,,
1110,Needle Weave Bar,"This stitch begins with at least 2 parallel straight stitches, ideally about 1/8 to 1/4 inch apart.  Bring the needle to the front of the fabric near the end of one of the straight stitches.",,,,,,,,,
,,Tuck the needle under the straight stitch (if needed) so it is on the outside of the straight stitches.,,,,,,,,,
,,Tuck the needle under the far straight stitch and pull gently.,,,,,,,,,
,,Tuck the needle under the far (should be the other side) stitch and pull gently.,,,,,,,,,
,,Repeat Step 4 keeping the tension even so that the original straight stitches aren't pulled together and all  'wraps' lay neatly side by side.,,,,,,,,,
1111,Woven Picot,"This stitch begins with a framework of an odd number of spokes.  These instructions are for 3 spokes, but 5, 7, or 9 would be fashioned similarly.  Only the baseline of this picot is attached to the fabric.  Place a long thin pin going down at the top of the picot and coming out at the center of the bottom edge of the picot.  Bring the needle to the front on the left end of the baseline.",,,,,Raised bar made by weaving thread across parallel stitches.,"needle weave, bar",Advanced,Used in drawn thread work.,Leaf Picot
,,"Loop the thread behind the pin and go down at the right end of the baseline, coming out at the center of the baseline (right next to the pin)",,,,,,,,,
,,Wrap the thread up the left side of the pin and around behind the pin.,,,,,,,,,
,,"Weave the needle under the outside thread, over the middle thread (in front of the pin) and under the other outside pin.  Pull very tight.",,,,,,,,,
,,Weave the needle under the middle thread going back to the left.  Taking care not to pull too tightly or the picot will be very pointy.,,,,,,,,,
,,"Weave the needle under the outside thread, over the middle thread and under the other outside pin, taking care not to pull too tightly or the picot will be very pointy.",,,,,,,,,
,,Repeat from Step 5 until the picot structure is full.  Take the needle to the back of the project and pull the pin.,,,,,,,,,
1112,Portuguese Border,This stitch is built on a foundation of short parallel straight stitches.  Bring the thread to the front of the fabric just below the center of stitch number 2.,,,,,Detached loop formed over a pin and filled with woven thread.,"woven, picot, 3D",Advanced,Stands up from the fabric for texture.,Portuguese Stem Stitch
,,"Tuck the needle behind both stitch 1 and stitch 2 in that orderâ€¦twice, with the wraps falling to the outside of previous wraps.",,,,,,,,,
,,"Tuck the needle behind the next foundation stitch down.  Tuck the needle behind both of the previous 2 foundation stitches, twice, with the wraps falling to the outside of previous wraps.",,,,,,,,,
,,Continue step 3 until all foundation stitches have been wrapped twice.,,,,,,,,,
,,Take the thread to the front of the fabric just below the center of stitch number 2 again.,,,,,,,,,
,,"Repeat the same process, this time with the wraps falling to the other outside of previous wraps.",,,,,,,,,
1113,Palestrina Knot,This stitch is worked from right to left.  Begin by bringing the needle to the front of the fabric at the right end of the stitching line.,,,,,Knotted edging stitch forming a dense line.,"border, portuguese",Intermediate,"Strong, decorative edge.",
,,"At a stitch length to the right of the thread, take a small stitch/bite perpendicular to the stitch line.  If you are stitching around an appliqued piece, catch both the background and the applique pieceand  pull through.",,,,,A knotted line stitch with a raised texture.,"palestrina, knotted, line",Intermediate,Often used for borders and outlines.,Sorbello Knot
,,"Allow the working thread to form a C overlapping your left hand, and tuck the needle under the previously formed ""bridge"".",,,,,,,,,
,,"Allow the working thread to form a C overlapping yoru left hand, and tuck the needle under /around the lower ""leg"" of the bridge.",,,,,,,,,
,,Repeat from step 2.,,,,,,,,,
1114,Sorbello Stitch,The sorbello stitch is shaped somewhat like a square.  Bring the needle to the front of the fabric at the upper left hand corner of the square.,,,,,,,,,
,,Take the needle to the back of the fabric at the upper right hand corner of the square bringing it back to the front at the lower left hand corner of the square.  Pull the thread through but not too tight.,,,,,,,,,
,,Tuck the needle down under the top line and pull through.,,,,,,,,,
,,Tuck the needle down under the top line (to the right of the last one) do not pull through,,,,,,,,,
,,Wrap the working thread behind the needle tip and pull through.,,,,,,,,,
,,Take the needle to the back of the fabric at the lower right hand corner of the square.,,,,,,,,,
1115,Eastern Stitch,The eastern stitch is shaped somewhat like an arrow pointed to the upper left hand corner of a square.  Bring the needle to the front of the fabric at the upper left hand corner of the square,,,,,Knotted stitch forming a textured square or cross pattern.,"sorbello, knotted, texture",Intermediate,Works well for filling or borders.,Oriental Stitch
,,Take the needle to the back of the fabric at the upper right hand corner of the square bringing it back to the front at the lower left hand corner of the square.  Pull the thread through.,,,,,,,,,
,,Take the needle to the back of the fabric at the upper left hand corner of the square bringing it back to the front at the lower right hand corner of the square.  Pull the thread through.,,,,,,,,,
,,Tuck the needle under the stitch on the left side of the square from the outside in.,,,,,,,,,
,,Tuck the needle under the stitch on the top of the square from the outside in.  Be sure the working thread is behind the needle and pull through.,,,,,,,,,
,,Take the needle to the back of the fabric at the lower right hand corner of the square.,,,,,,,,,
1116,Satin Stitch,Bring the thread to the front of the fabric at one edge of the shape.,,,,,A unique stitch with loops and a braided look.,"eastern, decorative",Advanced,Adds cultural flair and visual interest.,
,,Take the thread to the back of the fabric on the opposite side of the shape.,,,,,Flat stitches closely packed to fill a shape with smooth coverage.,"satin, fill, smooth",Beginner,Great for lettering and solid shapes.,Leaf Stitch
,,Repeat by making straight stitches side by side until the shape is full.,,,,,,,,,
,,2 Tips:  Begin in the center of the shape and fill towards the outside edge OR,,,,,,,,,
,,Draw a few directional lines to keep the stitches evenly spaced,,,,,,,,,
1117,Fishbone Stitch,The fishbone stitch is frequently worked on a leaf shape with a 'vein' down the middle.  Bring the needle to the front of the fabric at the tip of the leaf.,,,,,,,,,
,,"Take the needle to the back of the fabric 1/4 inch down the center line, bringing it back out very near the tip of the leaf, but on the left side of the leaf.",,,,,,,,,
,,"Take the needle to the back of the fabric just below the last stitch on the center line, bringing it back out very near the tip of the leaf, but on the right side of the leaf.",,,,,,,,,
,,"Continue making close stitches from the left side to the center, then from the right side to the center until the leaf shape is full.",,,,,,,,,
,,Take the needle to the back of the fabric.,,,,,,,,,
,,NOTE:  The gap between stitches on the outside should be twice what the gap is between stitches on the center line for best results.,,,,,,,,,
1118,Raised Fishbone Stitch,The raised fishbone stitch is frequently worked on a leaf shape with a 'vein' down the middle.  Bring the needle to the front of the fabric at the tip of the leaf.,,,,,A filling stitch with overlapping stitches that resemble a fishbone.,"fishbone, fill",Beginner,Commonly used for leaves and petals.,
,,"Take the needle to the back of the fabric 1/4 inch down the center line, bringing it back out very near the tip of the leaf, but on the left side of the leaf.",,,,,,,,,
,,"Take the needle to the back of the fabric just below the last stitch and slightly to the right of the center line, coming back to the front slightly to the left of the center line, making a very small bite.",,,,,,,,,
,,"Take the needle to the back of the fabric just below the last stitch on the right side of the leaf, bringing it back to the front slightly below the last stitch on the left side of the leaf.",,,,,,,,,
,,Repeat steps 3 & 4 until the leaf is full.,,,,,,,,,
,,Take the needle to the back of the fabric.,,,,,,,,,
,,NOTE:  The gap between stitches should be the same on the outside edges as it is on the center line for best results.,,,,,,,,,
1119,Spiral Trellis Stitch,"Although this stitch can be worked inside many shapes, it looks nicest on a circle.  This stitch is made on a foundation of backstitches around a circle.  Bring the needle to the front of the fabric between two backstitches.",,,,,A 3D version of fishbone with padding underneath.,"raised, fishbone, dimensional",Intermediate,Adds height to stitched elements.,
,,Tuck the needle under the next backstitch in a clockwise direction.  Do not pull through.,,,,,,,,,
,,"Wrap the working thread around the needle crossing in front of the needle and then around behind.  Pull the needle through, pulling the working thread down and to the left to keep stitches close together.",,,,,,,,,
,,"Repeat from step 2 back to the first backstitch, working a second knot in that stitch.",,,,,,,,,
,,"Round 2 and beyond, tuck the needle in the gap between the two stitches on the previous row.  If the stitches are close, you can reveal the gap by pulling the working thread to the right and down.",,,,,,,,,
,,When the stitches are too close to continue (generally not in the first few rounds) occasionally skip a gap until the entire circle is filled with knots.  Take the needle to the back of the fabric.,,,,,,,,,
1120,Raised Cup Stitch,The raised cup stitch is created on a foundation of 3 small stitches in a triangle shape.  Bring the thread to the front  in one of the corners.,,,,,Stitch worked in spiral rows creating a raised circular effect.,"spiral, trellis, raised",Advanced,Perfect for textured floral centers.,3D Cup Stitch
,,Tuck the needle under the thread to the right from outside to inside.  Do not pull through.,,,,,,,,,
,,Wrap the working thread around the needle crossing in front first and then around behind.  Pull the needle through.,,,,,,,,,
,,Work a second knot on that same stitch.,,,,,,,,,
,,(Optional) Work a third knot on that same stitch.,,,,,,,,,
,,Move to the next stitch and work 2 or 3 knots.,,,,,,,,,
,,Repeat for the last stitch.,,,,,,,,,
,,"For row 2, work a knot between each of the stitches on row 1.",,,,,,,,,
,,"The raised cup stitch can be finished off by taking the needle to the back of the fabric after 2 rows.  Alternatively, it can be gradually condensed by skipping gaps until a little mound is made, or many many rows can be stitched to create a small tube.",,,,,,,,,
1121,Couching,Bring the to be Couched thread to the front of the fabric at the beginning of the stitching line.  Lay it in place for the first part of the line.,,,,,"A padded, round stitch forming a cup-like 3D structure.","raised, cup, 3D",Advanced,Ideal for dramatic texture or sculptural work.,
,,"At about a stitch length away from the end fo the stitching line, bring the 'Coucher' thread to the front of the fabric, just to one side of the stitching line. ",,,,,,,,,
,, Cross over the to be Couched thread and take the needle to the back of the fabric on the other side of the to be Couched thread tacking it in place.,,,,,,,,,
,,"Repeat for the length of the stitching line, securing the to be Couched thread in place. ",,,,,,,,,
,,"At the end of the stitching line, take the to be Couched thread to the back of the fabric and secure.",,,,,,,,,
1122,Cretan,The cretan stitch is very much like a flattened or opened feather stitch.  It is formed on 4 parallel stitching lines.  Bring the needle to the front of the fabric at the top of the 2nd line.,,,,,,,,,
,,"Take the needle to the back of the fabric a half of a stitch width below where it came out, but on the 4th line, bringing it back to the front even with that stitch on the 3rd line.  Do not pull through.",,,,,,,,,
,,Wrap the working thread behind the needle tip and then pull through.,,,,,,,,,
,,"Take the needle to the back of the fabric a half of a stitch width below where it came out, but on the 1st line, bringing it back to the front even with that stitch on the 2nd line.  Do not pull through.",,,,,,,,,
,,Wrap the working thread behind the needle tip and then pull through.,,,,,,,,,
,,Repeat from step 2.,,,,,,,,,
1123,Drizzle,It is helpful to have both a soft pad or cushion such as a drizzle pad and a needle threader for this stitch. Bring the needle to the front of the fabric at the location of the stitch.,,,,,,,,,
,,"Unthread the needle, lay the fabric over the drizzle pad, and stick the needle down into the drizzle pad just far enough for it to stay upright right next to where the thread came out.",,,,,,,,,
,,Cast on the number of stitches desired:  twist the working thread into a loop with the end of the thread on the bottom.  Place loop on the needle. Repeat for as many cast-ons as desired.,,,,,,,,,
,,Thread the needle.,,,,,,,,,
,,"Gently pull the needle through, being careful to not let the loop catch any of the cast-on stitches, but instead pull it tightly.",,,,,,,,,
,,Tie a knot on the backside after each drizzle stitch so they maintain their tightness = better twists.,,,,,,,,,
1124,Bullion knot,Needles make a difference to the success of this stitch.  Preferably use a bullion knot needle.  Alternatively use a milliners needle.  Begin by bringing the needle to the front of the fabric at one end of the stitch location.,,,,,,,,,
,,Take the needle to the back of the fabric at the other end of the stitch and bring it to the front right next to where it first came out (taking care not to catch any threads) DO NOT PULL THROUGH.,,,,,,,,,
,,"With your dominant hand, wrap the working thread around the needle clockwise a desired number of wraps, but at least enough to fill the length of the stitch plus a few because wraps pull tight.",,,,,,,,,
,,"Holding the wraps (on the needle) with your non-dominant hand (thumb & finger) securely, pull the needle through gently.  Do not let go of those wraps until the wraps are laying down in the location of the stitch.",,,,,,,,,
,,Take the needle to the back of the fabric at the end of the stitch,,,,,,,,,
1125,Bullion loop,Needles make a difference to the success of this stitch.  Preferably use a bullion knot needle.  Alternatively use a milliners needle.  A Bullion Loop is a bullion knot with extra wraps.  Begin by bringing the needle to the front of the fabric at one end of the stitch location.,,,,,,,,,
,,Take the needle to the back of the fabric at the other end of the stitch and bring it to the front right next to where it first came out (taking care not to catch any threads) DO NOT PULL THROUGH.,,,,,,,,,
,,"With your dominant hand, wrap the working thread around the needle clockwise a desired number of wraps, but more than enough to fill the length of the stitch.",,,,,,,,,
,,"Holding the wraps (on the needle) with your non-dominant hand (thumb & finger) securely, pull the needle through gently.  Do not let go of those wraps until the wraps are laying down in the location of the stitch.",,,,,,,,,
,,Take the needle to the back of the fabric at the end of the stitch,,,,,,,,,
1126,Cast on Bullion,"Needles make a difference to the success of this stitch.  Preferably use a bullion knot needle.  Alternatively use a milliners needle.  A Cast on Bullion has the wraps ""cast on"" as in knitting.  Begin by bringing the needle to the front of the fabric at one end of the stitch location.",,,,,,,,,
,,Take the needle to the back of the fabric at the other end of the stitch and bring it to the front right next to where it first came out (taking care not to catch any threads) DO NOT PULL THROUGH.,,,,,,,,,
,,Cast on the number of stitches desired:  twist the working thread into a loop with the end of the thread on the bottom.  Place loop on the needle. Repeat for as many cast-ons as desired.,,,,,,,,,
,,"Holding the wraps (on the needle) with your non-dominant hand (thumb & finger) securely, pull the needle through gently.  Do not let go of those wraps until the wraps are laying down in the location of the stitch.",,,,,,,,,
,,Take the needle to the back of the fabric at the end of the stitch,,,,,,,,,
1127,Double Cast On Bullion,This is one of the few stitches worked with a double thread.  Thread the needle and tie both ends together with a knot.  Needles make a difference to the success of this stitch.  Preferably use a bullion knot needle.  Alternatively use a milliners needle.  Begin by bringing the needle to the front of the fabric at one end of the stitch location.,,,,,,,,,
,,Take the needle to the back of the fabric at the other end of the stitch and bring it to the front right next to where it first came out (taking care not to catch any threads) DO NOT PULL THROUGH.,,,,,,,,,
,,Separate the threads and untwist the needle so there is a loop on the left and a loop on the right of the needle.,,,,,,,,,
,,Cast on wraps alternating between the left and right sides until the desired number of stitches have been cast on.,,,,,,,,,
,,Bring the threads back together and make sure they are the same length.,,,,,,,,,
,,"Holding the wraps (on the needle) with your non-dominant hand (thumb & finger) securely, pull the needle through gently.  Do not let go of those wraps until the wraps are laying down in the location of the stitch.",,,,,,,,,
,,Take the needle to the back of the fabric at the end of the stitch,,,,,,,,,
1128,Raised Leaf Stitch,"This stitch requires at least a thin strip of cardstock, or ideally a graduated width tool such as a slipper, hereafter refered to as the tool.  Mark the vein of the leaf before you begin.  Bring the needle to the front of the fabric at the tip end of the vein line.  ",,,,,,,,,
,,"Take the needle to the back of the fabric just barely below the tip on the vein line.  Do not pull through completely until you have put the tool in the loop, then pull it snug to hold the loop in place.",,,,,,,,,
,,Lay the tool flat on the fabric so you can see the vein line on the left of the tool.  Bring the needle to the front of the fabric just below the last stitch on the vein line.,,,,,,,,,
,,Flip the tool over so you can see the vein line on the right of the tool.  Take the needle to the back of the fabric just below the last stitch on the vein line and pull through.  The new loop will form around the tool.  Keep them neat and next to one another without crossing.,,,,,,,,,
,,Repeat from step 4 until the desired number of loops or under the vein line is full. ,,,,,,,,,
,,Lay the tool flat on the fabric so you can see the vein line on the left of the tool.  Bring the needle to the front of the fabric just below the last stitch on the vein line.,,,,,,,,,
,,Tuck the needle under all of the loops (easiest on one side of the tool).  Remove the tool.  Pull the working thread and take the needle to the back at the base of the leaf forming the stem.,,,,,,,,,
1129,Double Pekinese,"This stitch is created on a foundation of 2 rows of backstitches, with the stitches matching row to row.  Bring the needle to the front of the fabric just above the first stitch in the bottom row.",,,,,,,,,
,,Tuck the needle under the second stitch in the top row going outward.,,,,,,,,,
,,Tuck the needle under the first stitch in the top row going inward.,,,,,,,,,
,,Tuck the needle under the third stitch in the bottom row going outward.,,,,,,,,,
,,Tuck the needle under the previous stitch in the bottom row going inward.,,,,,,,,,
,,Continue in this fashion always going outward under a new (empty) stitch and coming back under a used (already has 1 thread) stitch alternating top and bottom.,,,,,,,,,
1130,ZigZag Chain,Begin by bringing the needle to the front of the fabric at the beginning of the stitch line.,,,,,,,,,
,,Form a chain stitch with the tip to the left of the stitch line.,,,,,,,,,
,,Form a second chaing stitch with the tip to the right of the stitch line.,,,,,,,,,
,,Repeat from Step 2.,,,,,,,,,
1131,Detached Wheat Ear,Bring the needle from the back of the fabric to the left of the start of the sitching line.,,,,,,,,,
,,Take the needle down on the stitching line a stitch length from the start of the stitching line and come up to the right of the stitching line matching the initial stitch.,,,,,,,,,
,,"Take the needle down on the stitching line at the same place as the last stitch, forming a V.   Come out a stitch length down the stitching line.  ",,,,,,,,,
,,Weave the needle under both arms of the v and take it down near where it came out.,,,,,,,,,
1132,Danish Knot,Begin by bringing the needle to the front of the fabric at the top of the triangle.,,,,,Compact knot used for filling areas.,Knotted Stitch,Intermediate,Dense and textural.,
,,"Take the needle down at the bottom right corner of the intended triangle, bringing it back to the front of the fabric at the bottom left corner.",,,,,,,,,
,,Slide the needle under the straight stitch from the top down coming out above the bottom line of the triangle.,,,,,,,,,
,,"Slide the needle under the straight stitch from the top down, this time coming out towards the bottom line of the triangle, DO NOT PULL THROUGH",,,,,,,,,
,,"Make certain the working thread is under the needle, then pull through.",,,,,,,,,
,,"Take the needle down near the bottom left corner of the triangle, tacking the loop in place.",,,,,,,,,